Batch Name,Ballot Number,Storage Location,Tabulator,Times Selected,Audit Board
"Augusta Township, Precincts 1 & 2",11,,,1,Audit Board #1
"Augusta Township, Precincts 1 & 2",30,,,1,Audit Board #1
"Augusta Township, Precincts 1 & 2",90,,,1,Audit Board #1
"Augusta Township, Precincts 1 & 2",94,,,1,Audit Board #1
"Augusta Township, Precincts 1 & 2",99,,,1,Audit Board #1
"Augusta Township, Precincts 1 & 2",102,,,1,Audit Board #1
"City of Ann Arbor, W1, Pct 4 & W5, Pct 3",39,,,1,Audit Board #1
"City of Ann Arbor, W1, Pct 4 & W5, Pct 3",41,,,1,Audit Board #1
"City of Ann Arbor, W1, Pct 4 & W5, Pct 3",44,,,1,Audit Board #1
"City of Ann Arbor, W1, Pct 4 & W5, Pct 3",62,,,1,Audit Board #1
"City of Ann Arbor, Ward 4, Precinct 5",1,,,1,Audit Board #1
"City of Ann Arbor,Ward 5, Pcts 4 & 5",55,,,1,Audit Board #1
"City of Ann Arbor,Ward 5, Pcts 4 & 5",57,,,1,Audit Board #1
"City of Ann Arbor,Ward 5, Pcts 4 & 5",58,,,1,Audit Board #1
"City of Ann Arbor,Ward 5, Pcts 4 & 5",63,,,1,Audit Board #1
"City of Ann Arbor,Ward 5, Pcts 4 & 5",75,,,1,Audit Board #1
"City of Ann Arbor,Ward 5, Pcts 4 & 5",96,,,1,Audit Board #1
"City of Ann Arbor,Ward 5, Pcts 4 & 5",178,,,1,Audit Board #1
"City of Ann Arbor,Ward 5, Pcts 4 & 5",209,,,1,Audit Board #1
"City of Ann Arbor,Ward 5, Pcts 4 & 5",227,,,1,Audit Board #1
"City of Ann Arbor,Ward 5, Pcts 4 & 5",264,,,1,Audit Board #1
"City of Ann Arbor,Ward 5, Pcts 4 & 5",286,,,1,Audit Board #1
"City of Ann Arbor, Ward 5, Precinct 10",60,,,1,Audit Board #1
"City of Ann Arbor, Ward 5, Precinct 10",70,,,1,Audit Board #1
"City of Ann Arbor, Ward 5, Precinct 10",91,,,1,Audit Board #1
"City of Ann Arbor, Ward 5, Precinct 10",96,,,1,Audit Board #1
"City of Ann Arbor, Ward 5, Precinct 10",138,,,1,Audit Board #1
"City of Ann Arbor, Ward 5, Precinct 8",41,,,1,Audit Board #1
"City of Ann Arbor, Ward 5, Precinct 8",92,,,1,Audit Board #1
"City of Ann Arbor, Ward 5, Precinct 8",102,,,1,Audit Board #1
"City of Ann Arbor, Ward 5, Precinct 8",104,,,1,Audit Board #1
"Lima Township, Precincts 1 & 2",51,,,1,Audit Board #1
"Lima Township, Precincts 1 & 2",55,,,1,Audit Board #1
"Lima Township, Precincts 1 & 2",73,,,1,Audit Board #1
"Lima Township, Precincts 1 & 2",92,,,1,Audit Board #1
"Lima Township, Precincts 1 & 2",104,,,1,Audit Board #1
"Lima Township, Precincts 1 & 2",110,,,1,Audit Board #1
"Lima Township, Precincts 1 & 2",118,,,1,Audit Board #1
"Lima Township, Precincts 1 & 2",271,,,1,Audit Board #1
"Lima Township, Precincts 1 & 2",330,,,1,Audit Board #1
"Lima Township, Precincts 1 & 2",385,,,1,Audit Board #1
"Lima Township, Precincts 1 & 2",411,,,1,Audit Board #1
"Lima Township, Precincts 1 & 2",413,,,1,Audit Board #1
"Lima Township, Precincts 1 & 2",420,,,1,Audit Board #1
"Lima Township, Precincts 1 & 2",421,,,1,Audit Board #1
"Lima Township, Precincts 1 & 2",424,,,1,Audit Board #1
"Lima Township, Precincts 1 & 2",501,,,1,Audit Board #1
"Lima Township, Precincts 1 & 2",518,,,1,Audit Board #1
"Lima Township, Precincts 1 & 2",597,,,1,Audit Board #1
"Superior Township, Precinct 2",29,,,1,Audit Board #1
"Superior Township, Precinct 2",37,,,1,Audit Board #1
"Superior Township, Precinct 2",50,,,1,Audit Board #1
"Superior Township, Precinct 2",107,,,1,Audit Board #1
"Superior Township, Precinct 2",110,,,1,Audit Board #1
"Superior Township, Precinct 2",122,,,1,Audit Board #1
"Superior Township, Precinct 2",152,,,1,Audit Board #1
"Superior Township, Precinct 2",170,,,1,Audit Board #1
"Ypsilanti Township, Precinct 19",18,,,1,Audit Board #1
"Ypsilanti Township, Precinct 19",50,,,1,Audit Board #1
" WAYNE, Van Buren Township, Precinct 10",46,,,1,Audit Board #1
" WAYNE, Van Buren Township, Precinct 10",80,,,1,Audit Board #1
City of Ann Arbor AVCB 2,14,,,1,Audit Board #10
City of Ann Arbor AVCB 2,26,,,1,Audit Board #10
City of Ann Arbor AVCB 2,27,,,1,Audit Board #10
City of Ann Arbor AVCB 2,47,,,1,Audit Board #10
City of Ann Arbor AVCB 2,63,,,1,Audit Board #10
City of Ann Arbor AVCB 2,89,,,1,Audit Board #10
City of Ann Arbor AVCB 2,103,,,1,Audit Board #10
City of Ann Arbor AVCB 2,107,,,1,Audit Board #10
"City of Ann Arbor, Ward 4, Pcts 4 & 8",99,,,1,Audit Board #10
"City of Ann Arbor, Ward 4, Pcts 4 & 8",113,,,1,Audit Board #10
"City of Ann Arbor, Ward 4, Pcts 4 & 8",162,,,1,Audit Board #10
Pittsfield Charter Township AVCB 1,12,,,1,Audit Board #10
Pittsfield Charter Township AVCB 1,53,,,1,Audit Board #10
Pittsfield Charter Township AVCB 1,98,,,1,Audit Board #10
Pittsfield Charter Township AVCB 1,139,,,1,Audit Board #10
Pittsfield Charter Township AVCB 1,149,,,1,Audit Board #10
Pittsfield Charter Township AVCB 1,171,,,1,Audit Board #10
Pittsfield Charter Township AVCB 1,178,,,1,Audit Board #10
Pittsfield Charter Township AVCB 1,190,,,1,Audit Board #10
Pittsfield Charter Township AVCB 1,256,,,1,Audit Board #10
Pittsfield Charter Township AVCB 1,260,,,1,Audit Board #10
Pittsfield Charter Township AVCB 1,326,,,1,Audit Board #10
Pittsfield Charter Township AVCB 1,328,,,1,Audit Board #10
Pittsfield Charter Township AVCB 1,352,,,1,Audit Board #10
Scio Township AVCB 2,144,,,1,Audit Board #10
Scio Township AVCB 2,212,,,1,Audit Board #10
Scio Township AVCB 2,213,,,1,Audit Board #10
Scio Township AVCB 2,280,,,1,Audit Board #10
Scio Township AVCB 2,295,,,1,Audit Board #10
Scio Township AVCB 2,306,,,1,Audit Board #10
Scio Township AVCB 2,325,,,1,Audit Board #10
Scio Township AVCB 2,328,,,1,Audit Board #10
Scio Township AVCB 2,329,,,1,Audit Board #10
Scio Township AVCB 2,353,,,1,Audit Board #10
Scio Township AVCB 2,367,,,1,Audit Board #10
Scio Township AVCB 2,368,,,1,Audit Board #10
Scio Township AVCB 2,388,,,1,Audit Board #10
"Scio Township, Precincts 4 & 8",40,,,1,Audit Board #10
"Scio Township, Precincts 4 & 8",63,,,1,Audit Board #10
"Scio Township, Precincts 4 & 8",74,,,1,Audit Board #10
"Scio Township, Precincts 4 & 8",136,,,1,Audit Board #10
"Scio Township, Precincts 4 & 8",168,,,2,Audit Board #10
"Scio Township, Precincts 4 & 8",179,,,1,Audit Board #10
"Scio Township, Precincts 4 & 8",182,,,1,Audit Board #10
"Scio Township, Precincts 4 & 8",186,,,1,Audit Board #10
"Webster Township, Precinct 1",72,,,1,Audit Board #10
"Webster Township, Precinct 1",120,,,1,Audit Board #10
"Webster Township, Precinct 1",132,,,1,Audit Board #10
"Webster Township, Precinct 1",206,,,1,Audit Board #10
"York Township, Precincts 2 & 3",2,,,1,Audit Board #10
"York Township, Precincts 2 & 3",8,,,1,Audit Board #10
"York Township, Precincts 2 & 3",18,,,1,Audit Board #10
"York Township, Precincts 2 & 3",55,,,1,Audit Board #10
"York Township, Precincts 2 & 3",97,,,1,Audit Board #10
"York Township, Precincts 2 & 3",168,,,1,Audit Board #10
"York Township, Precincts 2 & 3",176,,,1,Audit Board #10
"York Township, Precincts 2 & 3",193,,,1,Audit Board #10
"York Township, Precincts 2 & 3",205,,,1,Audit Board #10
"York Township, Precincts 2 & 3",215,,,1,Audit Board #10
City of Ann Arbor AVCB 2,111,,,1,Audit Board #11
City of Ann Arbor AVCB 2,137,,,1,Audit Board #11
City of Ann Arbor AVCB 2,169,,,1,Audit Board #11
City of Ann Arbor AVCB 2,189,,,1,Audit Board #11
City of Ann Arbor AVCB 2,216,,,1,Audit Board #11
City of Ann Arbor AVCB 2,263,,,1,Audit Board #11
City of Ann Arbor AVCB 2,287,,,1,Audit Board #11
"City of Ann Arbor, Ward 1, Pcts 9 & 11",74,,,1,Audit Board #11
"City of Ann Arbor, Ward 1, Pcts 9 & 11",77,,,1,Audit Board #11
"City of Ann Arbor, Ward 2, Precinct 7",14,,,1,Audit Board #11
"City of Ann Arbor, Ward 2, Precinct 7",23,,,1,Audit Board #11
"City of Ann Arbor, Ward 2, Precinct 7",52,,,1,Audit Board #11
"City of Ann Arbor, Ward 2, Precinct 7",98,,,1,Audit Board #11
"City of Ann Arbor, Ward 3, Pcts 3 & 10",15,,,1,Audit Board #11
"City of Ann Arbor, Ward 3, Pcts 3 & 10",38,,,1,Audit Board #11
"City of Ann Arbor, Ward 3, Pcts 3 & 10",81,,,1,Audit Board #11
"City of Ann Arbor, Ward 3, Precinct 8",18,,,1,Audit Board #11
"City of Ann Arbor, Ward 3, Precinct 8",29,,,1,Audit Board #11
"City of Ann Arbor, Ward 3, Precinct 8",33,,,1,Audit Board #11
"City of Ann Arbor, Ward 3, Precinct 8",52,,,1,Audit Board #11
"City of Ann Arbor, Ward 3, Precinct 8",92,,,1,Audit Board #11
"City of Ann Arbor, Ward 3, Precinct 8",125,,,1,Audit Board #11
"City of Ann Arbor, Ward 3, Precinct 8",146,,,1,Audit Board #11
"Dexter Township, Precinct 2",11,,,1,Audit Board #11
"Dexter Township, Precinct 2",69,,,1,Audit Board #11
"Dexter Township, Precinct 2",100,,,1,Audit Board #11
"Pittsfield Charter Township, Pcts 7 & 9",32,,,1,Audit Board #11
"Pittsfield Charter Township, Pcts 7 & 9",43,,,1,Audit Board #11
"Pittsfield Charter Township, Pcts 7 & 9",52,,,1,Audit Board #11
"Pittsfield Charter Township, Pcts 7 & 9",83,,,1,Audit Board #11
"Pittsfield Charter Township, Pcts 7 & 9",119,,,1,Audit Board #11
"Pittsfield Charter Township, Pcts 7 & 9",134,,,1,Audit Board #11
"Pittsfield Charter Township, Pcts 7 & 9",152,,,1,Audit Board #11
"Pittsfield Charter Township, Pcts 7 & 9",164,,,1,Audit Board #11
"Scio Township, Precincts 1 & 7",18,,,1,Audit Board #11
"Scio Township, Precincts 1 & 7",57,,,1,Audit Board #11
"Scio Township, Precincts 1 & 7",112,,,1,Audit Board #11
"Scio Township, Precincts 1 & 7",178,,,1,Audit Board #11
"Scio Township, Precincts 1 & 7",183,,,1,Audit Board #11
"Scio Township, Precincts 1 & 7",193,,,1,Audit Board #11
"Superior Township, Precinct 1",55,,,1,Audit Board #11
"Superior Township, Precinct 1",165,,,1,Audit Board #11
"Superior Township, Precinct 1",169,,,1,Audit Board #11
"Superior Township, Precinct 1",185,,,2,Audit Board #11
"Superior Township, Precinct 5",4,,,1,Audit Board #11
"Superior Township, Precinct 5",74,,,1,Audit Board #11
"Superior Township, Precinct 5",109,,,1,Audit Board #11
York Township AVCB 1,3,,,1,Audit Board #11
York Township AVCB 1,24,,,1,Audit Board #11
York Township AVCB 1,26,,,1,Audit Board #11
York Township AVCB 1,42,,,1,Audit Board #11
York Township AVCB 1,83,,,1,Audit Board #11
York Township AVCB 1,94,,,1,Audit Board #11
York Township AVCB 1,135,,,1,Audit Board #11
York Township AVCB 1,244,,,1,Audit Board #11
York Township AVCB 1,280,,,1,Audit Board #11
York Township AVCB 1,281,,,1,Audit Board #11
York Township AVCB 1,288,,,1,Audit Board #11
York Township AVCB 1,399,,,1,Audit Board #11
York Township AVCB 1,418,,,1,Audit Board #11
"Augusta Township, Precinct 3",67,,,1,Audit Board #12
"City of Ann Arbor, Ward 3, Pcts 3 & 10",112,,,1,Audit Board #12
"City of Ann Arbor, Ward 3, Pcts 3 & 10",119,,,1,Audit Board #12
"City of Ann Arbor, Ward 3, Pcts 3 & 10",120,,,1,Audit Board #12
"City of Ann Arbor, Ward 3, Pcts 3 & 10",136,,,1,Audit Board #12
"City of Ann Arbor, Ward 3, Pcts 3 & 10",138,,,1,Audit Board #12
"City of Ann Arbor, Ward 3, Pcts 3 & 10",167,,,1,Audit Board #12
"City of Ann Arbor, Ward 3, Pcts 3 & 10",173,,,1,Audit Board #12
"City of Ann Arbor, Ward 3, Pcts 3 & 10",186,,,1,Audit Board #12
"City of Ann Arbor, Ward 3, Precinct 5",33,,,1,Audit Board #12
City of Saline AVCB 1 - Container 2,3,,,1,Audit Board #12
City of Saline AVCB 1 - Container 2,29,,,1,Audit Board #12
City of Saline AVCB 1 - Container 2,54,,,1,Audit Board #12
City of Saline AVCB 1 - Container 2,67,,,1,Audit Board #12
City of Saline AVCB 1 - Container 2,126,,,1,Audit Board #12
City of Saline AVCB 1 - Container 2,157,,,1,Audit Board #12
City of Saline AVCB 1 - Container 2,163,,,1,Audit Board #12
"Lodi Township, Precincts 1, 2 & 3",37,,,1,Audit Board #12
"Lodi Township, Precincts 1, 2 & 3",42,,,1,Audit Board #12
"Lodi Township, Precincts 1, 2 & 3",70,,,1,Audit Board #12
"Lodi Township, Precincts 1, 2 & 3",81,,,1,Audit Board #12
"Lodi Township, Precincts 1, 2 & 3",91,,,2,Audit Board #12
"Lodi Township, Precincts 1, 2 & 3",97,,,1,Audit Board #12
"Lodi Township, Precincts 1, 2 & 3",142,,,1,Audit Board #12
"Lodi Township, Precincts 1, 2 & 3",182,,,1,Audit Board #12
"Lodi Township, Precincts 1, 2 & 3",235,,,1,Audit Board #12
"Lodi Township, Precincts 1, 2 & 3",255,,,1,Audit Board #12
"Lodi Township, Precincts 1, 2 & 3",293,,,1,Audit Board #12
"Lodi Township, Precincts 1, 2 & 3",294,,,1,Audit Board #12
"Lodi Township, Precincts 1, 2 & 3",314,,,1,Audit Board #12
"Lodi Township, Precincts 1, 2 & 3",315,,,1,Audit Board #12
"Lodi Township, Precincts 1, 2 & 3",330,,,1,Audit Board #12
"Lodi Township, Precincts 1, 2 & 3",336,,,1,Audit Board #12
"Lodi Township, Precincts 1, 2 & 3",345,,,1,Audit Board #12
"Lodi Township, Precincts 1, 2 & 3",354,,,1,Audit Board #12
"Lodi Township, Precincts 1, 2 & 3",382,,,1,Audit Board #12
"Lodi Township, Precincts 1, 2 & 3",477,,,1,Audit Board #12
"Lodi Township, Precincts 1, 2 & 3",480,,,1,Audit Board #12
"Lodi Township, Precincts 1, 2 & 3",519,,,1,Audit Board #12
"Lodi Township, Precincts 1, 2 & 3",581,,,1,Audit Board #12
"Lodi Township, Precincts 1, 2 & 3",614,,,1,Audit Board #12
"Lodi Township, Precincts 1, 2 & 3",659,,,1,Audit Board #12
"Lodi Township, Precincts 1, 2 & 3",690,,,1,Audit Board #12
"Lodi Township, Precincts 1, 2 & 3",763,,,1,Audit Board #12
Lyndon Township AVCB,34,,,1,Audit Board #12
Lyndon Township AVCB,125,,,1,Audit Board #12
Lyndon Township AVCB,131,,,1,Audit Board #12
Lyndon Township AVCB,141,,,1,Audit Board #12
Lyndon Township AVCB,168,,,1,Audit Board #12
Lyndon Township AVCB,186,,,1,Audit Board #12
Lyndon Township AVCB,196,,,1,Audit Board #12
Lyndon Township AVCB,201,,,1,Audit Board #12
Lyndon Township AVCB,237,,,1,Audit Board #12
Lyndon Township AVCB,295,,,1,Audit Board #12
Lyndon Township AVCB,299,,,1,Audit Board #12
"Lyndon Township, Precinct 1",4,,,1,Audit Board #12
"Lyndon Township, Precinct 1",35,,,1,Audit Board #12
"Lyndon Township, Precinct 1",92,,,1,Audit Board #12
"Pittsfield Charter Township, Precinct 5",8,,,1,Audit Board #12
"Pittsfield Charter Township, Precinct 5",56,,,1,Audit Board #12
Augusta Township AVCB,4,,,1,Audit Board #13
Augusta Township AVCB,5,,,1,Audit Board #13
Augusta Township AVCB,23,,,1,Audit Board #13
Augusta Township AVCB,32,,,1,Audit Board #13
Augusta Township AVCB,39,,,1,Audit Board #13
Augusta Township AVCB,42,,,1,Audit Board #13
Augusta Township AVCB,131,,,1,Audit Board #13
Augusta Township AVCB,189,,,1,Audit Board #13
Augusta Township AVCB,215,,,1,Audit Board #13
Augusta Township AVCB,266,,,1,Audit Board #13
Augusta Township AVCB,283,,,1,Audit Board #13
Augusta Township AVCB,353,,,1,Audit Board #13
Augusta Township AVCB,367,,,1,Audit Board #13
Augusta Township AVCB,372,,,1,Audit Board #13
Augusta Township AVCB,402,,,1,Audit Board #13
Augusta Township AVCB,432,,,1,Audit Board #13
Augusta Township AVCB,472,,,1,Audit Board #13
Northfield Township AVCB,21,,,1,Audit Board #13
Northfield Township AVCB,30,,,1,Audit Board #13
Northfield Township AVCB,37,,,1,Audit Board #13
Northfield Township AVCB,54,,,1,Audit Board #13
Northfield Township AVCB,101,,,1,Audit Board #13
Northfield Township AVCB,127,,,1,Audit Board #13
Northfield Township AVCB,138,,,1,Audit Board #13
Northfield Township AVCB,168,,,1,Audit Board #13
Northfield Township AVCB,197,,,1,Audit Board #13
Northfield Township AVCB,228,,,1,Audit Board #13
Northfield Township AVCB,280,,,2,Audit Board #13
Northfield Township AVCB,364,,,1,Audit Board #13
"Northfield Township, Precinct 3",32,,,1,Audit Board #13
"Northfield Township, Precinct 3",38,,,1,Audit Board #13
"Northfield Township, Precinct 3",62,,,1,Audit Board #13
"Northfield Township, Precinct 3",77,,,1,Audit Board #13
"Northfield Township, Precinct 3",84,,,1,Audit Board #13
"Northfield Township, Precinct 3",134,,,1,Audit Board #13
"Pittsfield Charter Township, Pct 11 & 12",56,,,1,Audit Board #13
"Pittsfield Charter Township, Pct 11 & 12",143,,,1,Audit Board #13
"Pittsfield Charter Township, Precinct 5",65,,,1,Audit Board #13
"Sharon Township, Precinct 1",17,,,1,Audit Board #13
"Sharon Township, Precinct 1",59,,,1,Audit Board #13
"Sharon Township, Precinct 1",71,,,1,Audit Board #13
"Sharon Township, Precinct 1",95,,,1,Audit Board #13
"Sharon Township, Precinct 1",112,,,1,Audit Board #13
"Sharon Township, Precinct 1",138,,,1,Audit Board #13
"Sylvan Township, Precinct 1",1,,,1,Audit Board #13
"Sylvan Township, Precinct 1",77,,,1,Audit Board #13
"Sylvan Township, Precinct 1",140,,,1,Audit Board #13
"Sylvan Township, Precinct 1",142,,,1,Audit Board #13
"Sylvan Township, Precinct 1",151,,,1,Audit Board #13
"Sylvan Township, Precinct 1",177,,,1,Audit Board #13
"Sylvan Township, Precinct 1",246,,,1,Audit Board #13
"Sylvan Township, Precinct 1",280,,,1,Audit Board #13
"Sylvan Township, Precinct 1",332,,,1,Audit Board #13
"Sylvan Township, Precinct 1",336,,,1,Audit Board #13
"Sylvan Township, Precinct 1",358,,,1,Audit Board #13
"Sylvan Township, Precinct 1",406,,,1,Audit Board #13
"Sylvan Township, Precinct 1",434,,,1,Audit Board #13
"Sylvan Township, Precinct 1",528,,,1,Audit Board #13
"Ypsilanti Township, Precinct 17",26,,,1,Audit Board #13
City of Ann Arbor AVCB 1,64,,,1,Audit Board #14
City of Ann Arbor AVCB 1,118,,,1,Audit Board #14
City of Ann Arbor AVCB 1,133,,,1,Audit Board #14
City of Ann Arbor AVCB 1,163,,,1,Audit Board #14
City of Ann Arbor AVCB 1,165,,,1,Audit Board #14
City of Ann Arbor AVCB 1,201,,,1,Audit Board #14
City of Ann Arbor AVCB 1,223,,,2,Audit Board #14
City of Ann Arbor AVCB 1,232,,,1,Audit Board #14
City of Ann Arbor AVCB 4,18,,,1,Audit Board #14
City of Ann Arbor AVCB 4,43,,,1,Audit Board #14
City of Ann Arbor AVCB 4,54,,,1,Audit Board #14
City of Ann Arbor AVCB 4,88,,,1,Audit Board #14
City of Ann Arbor AVCB 4,112,,,1,Audit Board #14
City of Ann Arbor AVCB 4,125,,,1,Audit Board #14
City of Ann Arbor AVCB 4,185,,,1,Audit Board #14
City of Ann Arbor AVCB 4,192,,,1,Audit Board #14
City of Ann Arbor AVCB 7,69,,,1,Audit Board #14
City of Ann Arbor AVCB 7,124,,,1,Audit Board #14
City of Ann Arbor AVCB 7,218,,,1,Audit Board #14
City of Ann Arbor AVCB 7,226,,,1,Audit Board #14
City of Ann Arbor AVCB 7,293,,,1,Audit Board #14
City of Ann Arbor AVCB 7,302,,,1,Audit Board #14
"City of Ann Arbor, Ward 2, Precinct 6",3,,,1,Audit Board #14
"City of Ann Arbor, Ward 2, Precinct 6",33,,,1,Audit Board #14
"City of Ann Arbor, Ward 2, Precinct 6",68,,,1,Audit Board #14
"City of Ann Arbor, Ward 2, Precinct 6",83,,,1,Audit Board #14
"City of Ann Arbor, Ward 2, Precinct 6",99,,,1,Audit Board #14
"City of Ann Arbor, Ward 2, Precinct 6",102,,,1,Audit Board #14
"City of Ann Arbor, Ward 2, Precinct 6",103,,,1,Audit Board #14
"City of Ann Arbor, Ward 2, Precinct 6",117,,,1,Audit Board #14
"City of Chelsea, Precincts 1 & 2",7,,,1,Audit Board #14
"City of Chelsea, Precincts 1 & 2",30,,,1,Audit Board #14
"City of Chelsea, Precincts 1 & 2",41,,,1,Audit Board #14
"City of Chelsea, Precincts 1 & 2",83,,,1,Audit Board #14
"City of Chelsea, Precincts 1 & 2",84,,,1,Audit Board #14
"City of Saline, Precinct 3",52,,,1,Audit Board #14
"City of Saline, Precinct 3",78,,,1,Audit Board #14
"City of Saline, Precinct 3",81,,,1,Audit Board #14
"City of Saline, Precinct 3",84,,,1,Audit Board #14
"City of Saline, Precinct 3",85,,,1,Audit Board #14
"City of Saline, Precinct 3",91,,,1,Audit Board #14
"City of Saline, Precinct 3",106,,,1,Audit Board #14
"City of Saline, Precinct 3",122,,,1,Audit Board #14
"City of Saline, Precinct 3",133,,,1,Audit Board #14
"City of Saline, Precinct 3",142,,,1,Audit Board #14
"City of Saline, Precinct 3",149,,,1,Audit Board #14
"City of Saline, Precinct 3",157,,,1,Audit Board #14
"City of Saline, Precincts 1 & 2",43,,,1,Audit Board #14
"City of Saline, Precincts 1 & 2",59,,,1,Audit Board #14
"City of Saline, Precincts 1 & 2",115,,,1,Audit Board #14
"City of Saline, Precincts 1 & 2",127,,,1,Audit Board #14
"City of Saline, Precincts 1 & 2",129,,,1,Audit Board #14
"City of Saline, Precincts 1 & 2",144,,,1,Audit Board #14
"City of Ypsilanti, W2, Pct 4 & W3, Pct 1",10,,,1,Audit Board #14
"WAYNE, Sumpter Township AVCB",7,,,1,Audit Board #14
"WAYNE, Sumpter Township AVCB",54,,,1,Audit Board #14
" MONROE, London Twp, Precinct 1",24,,,1,Audit Board #14
" MONROE, London Twp, Precinct 1",33,,,1,Audit Board #14
" MONROE, London Twp, Precinct 1",51,,,1,Audit Board #14
" MONROE, London Twp, Precinct 1",59,,,1,Audit Board #14
City of Ann Arbor AVCB 10,38,,,1,Audit Board #15
City of Ann Arbor AVCB 10,45,,,1,Audit Board #15
City of Ann Arbor AVCB 10,74,,,1,Audit Board #15
City of Ann Arbor AVCB 10,121,,,1,Audit Board #15
City of Ann Arbor AVCB 10,125,,,1,Audit Board #15
City of Ann Arbor AVCB 10,137,,,1,Audit Board #15
City of Ann Arbor AVCB 10,156,,,1,Audit Board #15
City of Ann Arbor AVCB 10,203,,,1,Audit Board #15
City of Ann Arbor AVCB 10,253,,,1,Audit Board #15
"City of Chelsea, Precincts 1 & 2",98,,,1,Audit Board #15
"City of Chelsea, Precincts 1 & 2",105,,,1,Audit Board #15
"City of Chelsea, Precincts 1 & 2",159,,,1,Audit Board #15
"City of Chelsea, Precincts 1 & 2",161,,,1,Audit Board #15
"City of Chelsea, Precincts 1 & 2",182,,,1,Audit Board #15
"City of Chelsea, Precincts 1 & 2",199,,,1,Audit Board #15
"City of Chelsea, Precincts 1 & 2",214,,,1,Audit Board #15
"City of Chelsea, Precincts 1 & 2",254,,,1,Audit Board #15
"City of Chelsea, Precincts 1 & 2",261,,,1,Audit Board #15
"City of Chelsea, Precincts 1 & 2",315,,,1,Audit Board #15
"City of Chelsea, Precincts 1 & 2",321,,,1,Audit Board #15
"City of Chelsea, Precincts 1 & 2",373,,,1,Audit Board #15
"City of Chelsea, Precincts 1 & 2",382,,,1,Audit Board #15
"City of Chelsea, Precincts 1 & 2",388,,,1,Audit Board #15
"City of Chelsea, Precincts 1 & 2",422,,,1,Audit Board #15
"City of Chelsea, Precincts 1 & 2",463,,,2,Audit Board #15
"City of Chelsea, Precincts 1 & 2",464,,,1,Audit Board #15
"City of Chelsea, Precincts 1 & 2",477,,,1,Audit Board #15
"City of Chelsea, Precincts 1 & 2",568,,,1,Audit Board #15
"City of Chelsea, Precincts 1 & 2",598,,,1,Audit Board #15
"City of Chelsea, Precincts 1 & 2",599,,,1,Audit Board #15
"City of Chelsea, Precincts 1 & 2",617,,,1,Audit Board #15
"City of Chelsea, Precincts 1 & 2",621,,,1,Audit Board #15
"City of Chelsea, Precincts 1 & 2",633,,,1,Audit Board #15
"City of Chelsea, Precincts 1 & 2",644,,,1,Audit Board #15
"City of Chelsea, Precincts 1 & 2",726,,,1,Audit Board #15
"City of Chelsea, Precincts 1 & 2",732,,,1,Audit Board #15
"City of Chelsea, Precincts 1 & 2",754,,,1,Audit Board #15
"City of Chelsea, Precincts 1 & 2",792,,,1,Audit Board #15
"City of Chelsea, Precincts 1 & 2",814,,,1,Audit Board #15
"City of Chelsea, Precincts 1 & 2",837,,,1,Audit Board #15
"City of Chelsea, Precincts 1 & 2",868,,,1,Audit Board #15
"City of Chelsea, Precincts 1 & 2",872,,,1,Audit Board #15
"City of Chelsea, Precincts 1 & 2",889,,,1,Audit Board #15
"City of Chelsea, Precincts 1 & 2",912,,,1,Audit Board #15
"City of Chelsea, Precincts 1 & 2",935,,,1,Audit Board #15
"City of Chelsea, Precincts 1 & 2",1052,,,1,Audit Board #15
"Pittsfield Charter Township, Pcts 6 & 10",47,,,1,Audit Board #15
"Pittsfield Charter Township, Pcts 6 & 10",71,,,1,Audit Board #15
"Pittsfield Charter Township, Pcts 6 & 10",88,,,1,Audit Board #15
"Pittsfield Charter Township, Pcts 6 & 10",91,,,1,Audit Board #15
"Pittsfield Charter Township, Pcts 6 & 10",104,,,1,Audit Board #15
"Pittsfield Charter Township, Pcts 6 & 10",107,,,1,Audit Board #15
"Scio Township, Precincts 2 & 3",2,,,1,Audit Board #15
"Scio Township, Precincts 2 & 3",85,,,1,Audit Board #15
"Scio Township, Precincts 2 & 3",116,,,1,Audit Board #15
"Scio Township, Precincts 5 & 6",36,,,1,Audit Board #15
"Scio Township, Precincts 5 & 6",48,,,1,Audit Board #15
" WAYNE, Sumpter Township, Precinct 5",5,,,1,Audit Board #15
" WAYNE, Sumpter Township, Precinct 5",7,,,1,Audit Board #15
"Ann Arbor Township, Precincts 1 & 2",18,,,1,Audit Board #2
"Ann Arbor Township, Precincts 1 & 2",47,,,1,Audit Board #2
"Ann Arbor Township, Precincts 1 & 2",122,,,1,Audit Board #2
"Ann Arbor Township, Precincts 1 & 2",132,,,1,Audit Board #2
"Ann Arbor Township, Precincts 1 & 2",147,,,1,Audit Board #2
"Ann Arbor Township, Precincts 1 & 2",162,,,1,Audit Board #2
"Ann Arbor Township, Precincts 1 & 2",183,,,1,Audit Board #2
"Ann Arbor Township, Precincts 1 & 2",209,,,1,Audit Board #2
"Ann Arbor Township, Precincts 1 & 2",235,,,1,Audit Board #2
"Ann Arbor Township, Precincts 1 & 2",293,,,1,Audit Board #2
"Ann Arbor Township, Precincts 1 & 2",316,,,1,Audit Board #2
"Ann Arbor Township, Precincts 1 & 2",327,,,1,Audit Board #2
"Ann Arbor Township, Precincts 1 & 2",337,,,1,Audit Board #2
"Ann Arbor Township, Precincts 1 & 2",343,,,1,Audit Board #2
"Ann Arbor Township, Precincts 1 & 2",404,,,1,Audit Board #2
"Ann Arbor Township, Precincts 1 & 2",410,,,1,Audit Board #2
"City of Ann Arbor, Wards 4 & 5, Pct 7",61,,,1,Audit Board #2
"City of Ann Arbor, Wards 4 & 5, Pct 7",81,,,1,Audit Board #2
"City of Ann Arbor, Wards 4 & 5, Pct 7",110,,,1,Audit Board #2
"City of Ann Arbor, Wards 4 & 5, Pct 7",114,,,1,Audit Board #2
"City of Ann Arbor, Wards 4 & 5, Pct 7",127,,,1,Audit Board #2
"City of Ann Arbor, Wards 4 & 5, Pct 7",173,,,1,Audit Board #2
"City of Ann Arbor, Wards 4 & 5, Pct 7",183,,,1,Audit Board #2
"City of Ann Arbor, Wards 4 & 5, Pct 7",184,,,1,Audit Board #2
City of Dexter AVCB,7,,,1,Audit Board #2
City of Dexter AVCB,44,,,1,Audit Board #2
City of Saline AVCB 1 - Container 1,24,,,1,Audit Board #2
City of Saline AVCB 1 - Container 1,103,,,1,Audit Board #2
City of Saline AVCB 1 - Container 1,146,,,1,Audit Board #2
City of Saline AVCB 1 - Container 1,206,,,1,Audit Board #2
City of Saline AVCB 1 - Container 1,227,,,1,Audit Board #2
City of Saline AVCB 1 - Container 1,236,,,1,Audit Board #2
City of Saline AVCB 1 - Container 1,266,,,1,Audit Board #2
City of Saline AVCB 1 - Container 1,365,,,1,Audit Board #2
City of Saline AVCB 1 - Container 1,394,,,1,Audit Board #2
"City of Ypsilanti, Ward 1, Precinct 3",37,,,1,Audit Board #2
"City of Ypsilanti, Ward 3, Pcts 2 & 3",14,,,1,Audit Board #2
"City of Ypsilanti, Ward 3, Pcts 2 & 3",59,,,1,Audit Board #2
"City of Ypsilanti, Ward 3, Pcts 2 & 3",94,,,1,Audit Board #2
"City of Ypsilanti, Ward 3, Pcts 2 & 3",124,,,1,Audit Board #2
"City of Ypsilanti, Ward 3, Pcts 2 & 3",159,,,1,Audit Board #2
"City of Ypsilanti, Ward 3, Pcts 2 & 3",172,,,1,Audit Board #2
"City of Ypsilanti, Ward 3, Pcts 2 & 3",229,,,2,Audit Board #2
"Dexter Township, Precincts 1 & 3",22,,,1,Audit Board #2
"Dexter Township, Precincts 1 & 3",59,,,1,Audit Board #2
"Dexter Township, Precincts 1 & 3",94,,,1,Audit Board #2
"Freedom Township, Precinct 1",11,,,1,Audit Board #2
"Freedom Township, Precinct 1",33,,,1,Audit Board #2
"Freedom Township, Precinct 1",36,,,1,Audit Board #2
"Freedom Township, Precinct 1",128,,,1,Audit Board #2
"Pittsfield Charter Township, Pcts 1 & 8",28,,,1,Audit Board #2
"Pittsfield Charter Township, Pcts 1 & 8",60,,,1,Audit Board #2
"Pittsfield Charter Township, Pcts 1 & 8",68,,,1,Audit Board #2
"Pittsfield Charter Township, Pcts 1 & 8",95,,,1,Audit Board #2
"Pittsfield Charter Township, Pcts 1 & 8",130,,,1,Audit Board #2
"Pittsfield Charter Township, Pcts 1 & 8",133,,,1,Audit Board #2
"Pittsfield Charter Township, Pcts 2 & 13",78,,,1,Audit Board #2
"Ypsilanti Township, Precinct 20",3,,,1,Audit Board #2
"Ypsilanti Township, Precinct 20",4,,,1,Audit Board #2
"Ypsilanti Township, Precinct 20",15,,,1,Audit Board #2
City of Dexter AVCB,82,,,1,Audit Board #3
City of Dexter AVCB,105,,,1,Audit Board #3
City of Dexter AVCB,115,,,1,Audit Board #3
City of Dexter AVCB,126,,,1,Audit Board #3
City of Dexter AVCB,144,,,1,Audit Board #3
City of Dexter AVCB,178,,,1,Audit Board #3
City of Dexter AVCB,199,,,1,Audit Board #3
City of Dexter AVCB,225,,,1,Audit Board #3
City of Dexter AVCB,241,,,1,Audit Board #3
City of Dexter AVCB,248,,,1,Audit Board #3
Ypsilanti Township AVCB 1,33,,,1,Audit Board #3
Ypsilanti Township AVCB 1,110,,,1,Audit Board #3
Ypsilanti Township AVCB 1,133,,,1,Audit Board #3
Ypsilanti Township AVCB 1,158,,,1,Audit Board #3
Ypsilanti Township AVCB 1,171,,,1,Audit Board #3
Ypsilanti Township AVCB 1,193,,,2,Audit Board #3
Ypsilanti Township AVCB 1,218,,,1,Audit Board #3
Ypsilanti Township AVCB 1,224,,,1,Audit Board #3
Ypsilanti Township AVCB 1,256,,,1,Audit Board #3
Ypsilanti Township AVCB 1,264,,,1,Audit Board #3
Ypsilanti Township AVCB 1,271,,,1,Audit Board #3
Ypsilanti Township AVCB 1,297,,,1,Audit Board #3
Ypsilanti Township AVCB 1,306,,,1,Audit Board #3
Ypsilanti Township AVCB 1,311,,,1,Audit Board #3
Ypsilanti Township AVCB 1,377,,,1,Audit Board #3
Ypsilanti Township AVCB 1,408,,,1,Audit Board #3
Ypsilanti Township AVCB 1,422,,,1,Audit Board #3
Ypsilanti Township AVCB 1,490,,,1,Audit Board #3
Ypsilanti Township AVCB 1,503,,,1,Audit Board #3
Ypsilanti Township AVCB 1,514,,,1,Audit Board #3
Ypsilanti Township AVCB 1,519,,,1,Audit Board #3
Ypsilanti Township AVCB 1,557,,,1,Audit Board #3
Ypsilanti Township AVCB 1,574,,,1,Audit Board #3
Ypsilanti Township AVCB 1,601,,,1,Audit Board #3
Ypsilanti Township AVCB 1,631,,,1,Audit Board #3
Ypsilanti Township AVCB 1,650,,,1,Audit Board #3
Ypsilanti Township AVCB 1,684,,,1,Audit Board #3
Ypsilanti Township AVCB 1,694,,,1,Audit Board #3
Ypsilanti Township AVCB 1,724,,,1,Audit Board #3
Ypsilanti Township AVCB 1,772,,,1,Audit Board #3
Ypsilanti Township AVCB 1,775,,,1,Audit Board #3
Ypsilanti Township AVCB 1,787,,,1,Audit Board #3
Ypsilanti Township AVCB 1,841,,,1,Audit Board #3
Ypsilanti Township AVCB 1,932,,,1,Audit Board #3
Ypsilanti Township AVCB 1,964,,,1,Audit Board #3
Ypsilanti Township AVCB 1,972,,,1,Audit Board #3
Ypsilanti Township AVCB 1,1040,,,1,Audit Board #3
Ypsilanti Township AVCB 1,1069,,,1,Audit Board #3
Ypsilanti Township AVCB 1,1072,,,1,Audit Board #3
Ypsilanti Township AVCB 1,1096,,,1,Audit Board #3
Ypsilanti Township AVCB 1,1137,,,1,Audit Board #3
Ypsilanti Township AVCB 1,1138,,,1,Audit Board #3
Ypsilanti Township AVCB 1,1147,,,1,Audit Board #3
Ypsilanti Township AVCB 1,1150,,,1,Audit Board #3
Ypsilanti Township AVCB 1,1173,,,1,Audit Board #3
Ypsilanti Township AVCB 1,1267,,,1,Audit Board #3
Ypsilanti Township AVCB 1,1322,,,1,Audit Board #3
Ypsilanti Township AVCB 1,1337,,,1,Audit Board #3
Ypsilanti Township AVCB 1,1372,,,2,Audit Board #3
City of Ann Arbor AVCB 9,16,,,1,Audit Board #4
City of Ann Arbor AVCB 9,43,,,1,Audit Board #4
"City of Ann Arbor, Ward 3, Pcts 4 & 7",29,,,1,Audit Board #4
"City of Ann Arbor, Ward 3, Pcts 4 & 7",46,,,1,Audit Board #4
"City of Ann Arbor, Ward 3, Pcts 4 & 7",62,,,1,Audit Board #4
"City of Ann Arbor, Ward 3, Pcts 4 & 7",197,,,1,Audit Board #4
"City of Ann Arbor, Ward 3, Pcts 4 & 7",216,,,1,Audit Board #4
"City of Ann Arbor, Ward 3, Pcts 4 & 7",240,,,1,Audit Board #4
"City of Ann Arbor, Ward 3, Pcts 4 & 7",251,,,1,Audit Board #4
Dexter Township AVCB,60,,,1,Audit Board #4
Dexter Township AVCB,76,,,1,Audit Board #4
Dexter Township AVCB,104,,,1,Audit Board #4
Dexter Township AVCB,228,,,1,Audit Board #4
Dexter Township AVCB,237,,,1,Audit Board #4
Dexter Township AVCB,263,,,1,Audit Board #4
Dexter Township AVCB,272,,,1,Audit Board #4
Dexter Township AVCB,291,,,1,Audit Board #4
Dexter Township AVCB,314,,,1,Audit Board #4
Dexter Township AVCB,366,,,1,Audit Board #4
Dexter Township AVCB,385,,,1,Audit Board #4
"Superior Township, Precincts 3 & 4",18,,,1,Audit Board #4
"Superior Township, Precincts 3 & 4",40,,,1,Audit Board #4
"Superior Township, Precincts 3 & 4",149,,,1,Audit Board #4
"Superior Township, Precincts 3 & 4",159,,,1,Audit Board #4
"Superior Township, Precincts 3 & 4",186,,,1,Audit Board #4
"Superior Township, Precincts 3 & 4",198,,,1,Audit Board #4
"York Township, Precinct 1",10,,,1,Audit Board #4
"York Township, Precinct 1",24,,,1,Audit Board #4
"York Township, Precinct 1",62,,,1,Audit Board #4
"York Township, Precinct 1",105,,,1,Audit Board #4
"York Township, Precinct 1",109,,,1,Audit Board #4
Ypsilanti Township AVCB 1,1378,,,1,Audit Board #4
Ypsilanti Township AVCB 1,1487,,,1,Audit Board #4
Ypsilanti Township AVCB 1,1523,,,1,Audit Board #4
Ypsilanti Township AVCB 1,1549,,,1,Audit Board #4
Ypsilanti Township AVCB 1,1585,,,1,Audit Board #4
Ypsilanti Township AVCB 1,1676,,,1,Audit Board #4
Ypsilanti Township AVCB 1,1701,,,1,Audit Board #4
Ypsilanti Township AVCB 1,1707,,,1,Audit Board #4
Ypsilanti Township AVCB 1,1717,,,1,Audit Board #4
Ypsilanti Township AVCB 1,1747,,,1,Audit Board #4
Ypsilanti Township AVCB 1,1754,,,1,Audit Board #4
Ypsilanti Township AVCB 1,1767,,,1,Audit Board #4
Ypsilanti Township AVCB 1,1791,,,1,Audit Board #4
Ypsilanti Township AVCB 1,1796,,,1,Audit Board #4
Ypsilanti Township AVCB 1,1875,,,1,Audit Board #4
Ypsilanti Township AVCB 1,1894,,,1,Audit Board #4
Ypsilanti Township AVCB 1,1950,,,1,Audit Board #4
Ypsilanti Township AVCB 1,1959,,,1,Audit Board #4
Ypsilanti Township AVCB 1,1995,,,1,Audit Board #4
Ypsilanti Township AVCB 1,2004,,,1,Audit Board #4
Ypsilanti Township AVCB 1,2077,,,1,Audit Board #4
Ypsilanti Township AVCB 1,2105,,,1,Audit Board #4
Ypsilanti Township AVCB 1,2141,,,1,Audit Board #4
Ypsilanti Township AVCB 1,2155,,,1,Audit Board #4
Ypsilanti Township AVCB 1,2170,,,1,Audit Board #4
Ypsilanti Township AVCB 1,2196,,,1,Audit Board #4
Ypsilanti Township AVCB 1,2232,,,1,Audit Board #4
Ypsilanti Township AVCB 1,2252,,,1,Audit Board #4
"Ypsilanti Township, Precinct 1",19,,,1,Audit Board #4
City of Ann Arbor AVCB 8,43,,,1,Audit Board #5
City of Ann Arbor AVCB 8,81,,,1,Audit Board #5
City of Ann Arbor AVCB 8,95,,,1,Audit Board #5
City of Ann Arbor AVCB 8,132,,,1,Audit Board #5
City of Ann Arbor AVCB 8,177,,,1,Audit Board #5
City of Ann Arbor AVCB 8,196,,,1,Audit Board #5
City of Ann Arbor AVCB 8,224,,,1,Audit Board #5
City of Ann Arbor AVCB 8,253,,,1,Audit Board #5
City of Ann Arbor AVCB 8,284,,,1,Audit Board #5
City of Ann Arbor AVCB 8,288,,,1,Audit Board #5
City of Ann Arbor AVCB 9,84,,,1,Audit Board #5
City of Ann Arbor AVCB 9,101,,,1,Audit Board #5
City of Ann Arbor AVCB 9,107,,,1,Audit Board #5
City of Ann Arbor AVCB 9,122,,,1,Audit Board #5
City of Ann Arbor AVCB 9,133,,,1,Audit Board #5
City of Ann Arbor AVCB 9,172,,,1,Audit Board #5
City of Ann Arbor AVCB 9,219,,,1,Audit Board #5
City of Ann Arbor AVCB 9,232,,,1,Audit Board #5
City of Ann Arbor AVCB 9,277,,,1,Audit Board #5
City of Ann Arbor AVCB 9,283,,,1,Audit Board #5
"City of Ann Arbor, Ward 1, Precinct 10",11,,,1,Audit Board #5
"City of Ann Arbor, Ward 1, Precinct 10",90,,,1,Audit Board #5
"City of Ann Arbor, Ward 1, Precinct 10",113,,,1,Audit Board #5
"City of Ann Arbor, Ward 5, Precinct 6",27,,,1,Audit Board #5
"City of Ann Arbor, Ward 5, Precinct 6",64,,,1,Audit Board #5
"City of Ann Arbor, Ward 5, Precinct 6",122,,,1,Audit Board #5
"City of Ann Arbor, Ward 5, Precinct 6",133,,,1,Audit Board #5
"City of Milan, Precincts 1 & 1W",8,,,1,Audit Board #5
"City of Milan, Precincts 1 & 1W",10,,,1,Audit Board #5
"City of Milan, Precincts 1 & 1W",52,,,1,Audit Board #5
"City of Milan, Precincts 1 & 1W",88,,,1,Audit Board #5
"City of Milan, Precincts 1 & 1W",89,,,1,Audit Board #5
"City of Milan, Precincts 1 & 1W",99,,,1,Audit Board #5
"City of Milan, Precincts 1 & 1W",145,,,1,Audit Board #5
"City of Milan, Precincts 1 & 1W",189,,,1,Audit Board #5
"City of Milan, Precincts 1 & 1W",232,,,1,Audit Board #5
"City of Milan, Precincts 1 & 1W",248,,,1,Audit Board #5
"City of Milan, Precincts 1 & 1W",284,,,1,Audit Board #5
"City of Milan, Precincts 1 & 1W",286,,,1,Audit Board #5
"City of Milan, Precincts 1 & 1W",331,,,1,Audit Board #5
"City of Milan, Precincts 1 & 1W",335,,,1,Audit Board #5
"City of Milan, Precincts 1 & 1W",347,,,1,Audit Board #5
"City of Milan, Precincts 1 & 1W",393,,,1,Audit Board #5
"City of Milan, Precincts 1 & 1W",436,,,1,Audit Board #5
"City of Milan, Precincts 1 & 1W",487,,,1,Audit Board #5
"Northfield Township, Precinct 1",13,,,1,Audit Board #5
"Northfield Township, Precinct 1",48,,,1,Audit Board #5
"Northfield Township, Precinct 1",125,,,1,Audit Board #5
"Northfield Township, Precinct 1",213,,,1,Audit Board #5
"Northfield Township, Precinct 1",215,,,1,Audit Board #5
"Northfield Township, Precinct 1",336,,,1,Audit Board #5
"Ypsilanti Township, Precinct 18",48,,,1,Audit Board #5
"Ypsilanti Township, Precinct 18",84,,,1,Audit Board #5
"Ypsilanti Township, Precinct 18",118,,,1,Audit Board #5
"Ypsilanti Township, Precincts 9 & 10",35,,,1,Audit Board #5
"Ypsilanti Township, Precincts 9 & 10",47,,,1,Audit Board #5
"Ypsilanti Township, Precincts 9 & 10",96,,,1,Audit Board #5
" JACKSON, Waterloo Township, Precinct 1",7,,,1,Audit Board #5
" JACKSON, Waterloo Township, Precinct 1",13,,,1,Audit Board #5
" MONROE, Exeter Twp, Pcts 1 & 2",8,,,1,Audit Board #5
City of Ann Arbor AVCB 5,18,,,1,Audit Board #6
City of Ann Arbor AVCB 5,27,,,1,Audit Board #6
City of Ann Arbor AVCB 5,67,,,1,Audit Board #6
City of Ann Arbor AVCB 5,138,,,1,Audit Board #6
City of Ann Arbor AVCB 5,184,,,1,Audit Board #6
City of Ann Arbor AVCB 5,202,,,1,Audit Board #6
City of Ann Arbor AVCB 5,239,,,1,Audit Board #6
"City of Ann Arbor, Ward 2, Pcts 3 & 4",3,,,1,Audit Board #6
"City of Ann Arbor, Ward 2, Pcts 3 & 4",90,,,1,Audit Board #6
"City of Ann Arbor, Ward 2, Pcts 3 & 4",108,,,1,Audit Board #6
"City of Ann Arbor, Ward 2, Pcts 3 & 4",121,,,1,Audit Board #6
"City of Ann Arbor, Ward 2, Precinct 8",23,,,1,Audit Board #6
"City of Ann Arbor, Ward 3, Pcts 6 & 9",2,,,1,Audit Board #6
"City of Ann Arbor, Ward 3, Pcts 6 & 9",33,,,1,Audit Board #6
"City of Ann Arbor, Ward 3, Pcts 6 & 9",54,,,1,Audit Board #6
"City of Ann Arbor, Ward 3, Pcts 6 & 9",58,,,1,Audit Board #6
"City of Ann Arbor, Ward 3, Pcts 6 & 9",115,,,1,Audit Board #6
"City of Ann Arbor, Ward 4, Pcts 1 & 3",18,,,1,Audit Board #6
"City of Ann Arbor, Ward 4, Pcts 1 & 3",33,,,1,Audit Board #6
"City of Ann Arbor, Ward 4, Pcts 1 & 3",72,,,1,Audit Board #6
"City of Ann Arbor, Ward 4, Pcts 9 & 10",39,,,1,Audit Board #6
"City of Ann Arbor, Ward 4, Pcts 9 & 10",53,,,1,Audit Board #6
"City of Ann Arbor, Ward 4, Pcts 9 & 10",94,,,1,Audit Board #6
"City of Ann Arbor, Ward 4, Pcts 9 & 10",127,,,1,Audit Board #6
"City of Ann Arbor, Ward 4, Pcts 9 & 10",141,,,1,Audit Board #6
"City of Ann Arbor, Ward 4, Pcts 9 & 10",142,,,1,Audit Board #6
"City of Ann Arbor, Ward 4, Pcts 9 & 10",198,,,1,Audit Board #6
"City of Ann Arbor, Ward 5, Pcts 11 & 12",87,,,1,Audit Board #6
"City of Ann Arbor, Ward 5, Pcts 11 & 12",114,,,1,Audit Board #6
"City of Ann Arbor, Ward 5, Pcts 11 & 12",147,,,1,Audit Board #6
"City of Ann Arbor, Ward 5, Pcts 11 & 12",150,,,1,Audit Board #6
"City of Ann Arbor, Ward 5, Pcts 11 & 12",168,,,1,Audit Board #6
"City of Ann Arbor, Ward 5, Pcts 11 & 12",186,,,1,Audit Board #6
"City of Ann Arbor, Ward 5, Pcts 11 & 12",190,,,1,Audit Board #6
"City of Ann Arbor, Ward 5, Pcts 11 & 12",243,,,1,Audit Board #6
"City of Ann Arbor, Ward 5, Precinct 2",18,,,1,Audit Board #6
"City of Ann Arbor, Ward 5, Precinct 2",21,,,1,Audit Board #6
"City of Ann Arbor, Ward 5, Precinct 2",47,,,1,Audit Board #6
"City of Ann Arbor, Ward 5, Precinct 2",109,,,1,Audit Board #6
"City of Ann Arbor, Ward 5, Precinct 2",120,,,1,Audit Board #6
"City of Dexter, Precinct 2",17,,,1,Audit Board #6
"City of Dexter, Precinct 2",23,,,1,Audit Board #6
"City of Dexter, Precinct 2",33,,,1,Audit Board #6
"City of Dexter, Precinct 2",36,,,1,Audit Board #6
"City of Dexter, Precinct 2",101,,,1,Audit Board #6
"City of Dexter, Precinct 2",116,,,1,Audit Board #6
Scio Township AVCB 1,19,,,1,Audit Board #6
Scio Township AVCB 1,20,,,1,Audit Board #6
Scio Township AVCB 1,69,,,1,Audit Board #6
Scio Township AVCB 1,83,,,1,Audit Board #6
Scio Township AVCB 1,84,,,1,Audit Board #6
Scio Township AVCB 1,85,,,1,Audit Board #6
Scio Township AVCB 1,109,,,1,Audit Board #6
Scio Township AVCB 1,208,,,1,Audit Board #6
Scio Township AVCB 1,287,,,2,Audit Board #6
Scio Township AVCB 1,291,,,1,Audit Board #6
Scio Township AVCB 1,330,,,1,Audit Board #6
Scio Township AVCB 1,339,,,1,Audit Board #6
"Ypsilanti Township, Precinct 14",11,,,1,Audit Board #6
"Ypsilanti Township, Precinct 14",59,,,1,Audit Board #6
City of Ann Arbor AVCB 6,19,,,1,Audit Board #7
City of Ann Arbor AVCB 6,65,,,1,Audit Board #7
City of Ann Arbor AVCB 6,81,,,1,Audit Board #7
City of Ann Arbor AVCB 6,110,,,1,Audit Board #7
City of Ann Arbor AVCB 6,175,,,1,Audit Board #7
City of Ann Arbor AVCB 6,213,,,1,Audit Board #7
"City of Ann Arbor, Ward 1, Precinct 8",15,,,1,Audit Board #7
"City of Ann Arbor, Ward 1, Precinct 8",25,,,1,Audit Board #7
"City of Ann Arbor, Ward 1, Precinct 8",100,,,1,Audit Board #7
"City of Ann Arbor, Ward 4, Precinct 6",10,,,1,Audit Board #7
"City of Ann Arbor, Ward 4, Precinct 6",40,,,1,Audit Board #7
"City of Ann Arbor, Ward 4, Precinct 6",92,,,1,Audit Board #7
"City of Ann Arbor, Ward 5, Precinct 9",9,,,1,Audit Board #7
"City of Ann Arbor, Ward 5, Precinct 9",51,,,2,Audit Board #7
"City of Ann Arbor, Ward 5, Precinct 9",110,,,1,Audit Board #7
"City of Ann Arbor, Ward 5, Precinct 9",139,,,1,Audit Board #7
"City of Ann Arbor, Ward 5, Precinct 9",140,,,1,Audit Board #7
"City of Ann Arbor, Ward 5, Precinct 9",161,,,1,Audit Board #7
"City of Dexter, Precincts 1 & 3",76,,,1,Audit Board #7
"City of Dexter, Precincts 1 & 3",92,,,1,Audit Board #7
"City of Ypsilanti, Ward 2, Pcts 1, 2 & 3",91,,,1,Audit Board #7
"City of Ypsilanti, Ward 2, Pcts 1, 2 & 3",94,,,1,Audit Board #7
"City of Ypsilanti, Ward 2, Pcts 1, 2 & 3",108,,,1,Audit Board #7
"City of Ypsilanti, Ward 2, Pcts 1, 2 & 3",117,,,1,Audit Board #7
"City of Ypsilanti, Ward 2, Pcts 1, 2 & 3",211,,,1,Audit Board #7
"City of Ypsilanti, Ward 2, Pcts 1, 2 & 3",212,,,1,Audit Board #7
"City of Ypsilanti, Ward 2, Pcts 1, 2 & 3",245,,,1,Audit Board #7
"City of Ypsilanti, Ward 2, Pcts 1, 2 & 3",377,,,1,Audit Board #7
"City of Ypsilanti, Ward 2, Pcts 1, 2 & 3",399,,,1,Audit Board #7
"City of Ypsilanti, Ward 2, Pcts 1, 2 & 3",422,,,1,Audit Board #7
"City of Ypsilanti, Ward 2, Pcts 1, 2 & 3",436,,,1,Audit Board #7
"Manchester Township, Precincts 1 & 2",18,,,1,Audit Board #7
"Manchester Township, Precincts 1 & 2",19,,,1,Audit Board #7
"Pittsfield Charter Township, Pcts 3 & 4",20,,,1,Audit Board #7
"Pittsfield Charter Township, Pcts 3 & 4",28,,,1,Audit Board #7
"Pittsfield Charter Township, Pcts 3 & 4",31,,,1,Audit Board #7
"Pittsfield Charter Township, Pcts 3 & 4",67,,,1,Audit Board #7
"Pittsfield Charter Township, Pcts 3 & 4",94,,,1,Audit Board #7
Scio Township AVCB 1,399,,,1,Audit Board #7
Scio Township AVCB 1,444,,,1,Audit Board #7
Scio Township AVCB 1,461,,,1,Audit Board #7
Scio Township AVCB 1,466,,,1,Audit Board #7
Scio Township AVCB 1,473,,,1,Audit Board #7
Scio Township AVCB 1,491,,,1,Audit Board #7
Scio Township AVCB 1,501,,,1,Audit Board #7
Scio Township AVCB 1,601,,,1,Audit Board #7
"Webster Township, Precinct 2",80,,,1,Audit Board #7
"Webster Township, Precinct 2",99,,,1,Audit Board #7
"Webster Township, Precinct 2",127,,,1,Audit Board #7
"Ypsilanti Township, Precinct 8",26,,,1,Audit Board #7
"Ypsilanti Township, Precinct 8",33,,,1,Audit Board #7
"Ypsilanti Township, Precincts 13 & 15",1,,,1,Audit Board #7
"Ypsilanti Township, Precincts 13 & 15",31,,,1,Audit Board #7
"Ypsilanti Township, Precincts 13 & 15",66,,,1,Audit Board #7
"Ypsilanti Township, Precincts 13 & 15",67,,,1,Audit Board #7
"Ypsilanti Township, Precincts 13 & 15",68,,,1,Audit Board #7
"Ypsilanti Township, Precincts 13 & 15",70,,,1,Audit Board #7
" MONROE, Milan Township, Precinct 1",15,,,1,Audit Board #7
" MONROE, Milan Township, Precinct 1",46,,,1,Audit Board #7
" MONROE, Milan Township, Precinct 1",87,,,1,Audit Board #7
"City of Ann Arbor, Ward 1, Pcts 5 & 6",49,,,1,Audit Board #8
"City of Ann Arbor, Ward 1, Pcts 5 & 6",59,,,1,Audit Board #8
"City of Ann Arbor, Ward 1, Pcts 5 & 6",90,,,1,Audit Board #8
"City of Ann Arbor, Ward 1, Pcts 5 & 6",117,,,1,Audit Board #8
"City of Ann Arbor, Ward 1, Pcts 5 & 6",120,,,1,Audit Board #8
"City of Ann Arbor, Ward 1, Pcts 5 & 6",124,,,1,Audit Board #8
"City of Ann Arbor, Ward 2, Precinct 5",28,,,1,Audit Board #8
"City of Ann Arbor, Ward 2, Precinct 5",29,,,1,Audit Board #8
"City of Ann Arbor, Ward 2, Precinct 5",30,,,1,Audit Board #8
"City of Ann Arbor, Ward 2, Precinct 5",48,,,1,Audit Board #8
"City of Ann Arbor, Ward 2, Precinct 9",35,,,1,Audit Board #8
"City of Ann Arbor, Ward 2, Precinct 9",86,,,1,Audit Board #8
"City of Ann Arbor, Ward 2, Precinct 9",116,,,1,Audit Board #8
"City of Ann Arbor, Ward 2, Precinct 9",124,,,1,Audit Board #8
"City of Ann Arbor, Ward 2, Precinct 9",138,,,1,Audit Board #8
"Manchester Township, Precincts 1 & 2",25,,,1,Audit Board #8
"Manchester Township, Precincts 1 & 2",46,,,1,Audit Board #8
"Manchester Township, Precincts 1 & 2",139,,,1,Audit Board #8
"Manchester Township, Precincts 1 & 2",173,,,1,Audit Board #8
"Manchester Township, Precincts 1 & 2",233,,,1,Audit Board #8
"Manchester Township, Precincts 1 & 2",251,,,1,Audit Board #8
"Manchester Township, Precincts 1 & 2",308,,,1,Audit Board #8
"Manchester Township, Precincts 1 & 2",336,,,2,Audit Board #8
"Manchester Township, Precincts 1 & 2",349,,,1,Audit Board #8
"Manchester Township, Precincts 1 & 2",370,,,1,Audit Board #8
"Manchester Township, Precincts 1 & 2",379,,,1,Audit Board #8
"Manchester Township, Precincts 1 & 2",396,,,1,Audit Board #8
"Northfield Township, Precinct 2",3,,,1,Audit Board #8
"Northfield Township, Precinct 2",33,,,1,Audit Board #8
"Northfield Township, Precinct 2",34,,,1,Audit Board #8
"Northfield Township, Precinct 2",35,,,1,Audit Board #8
"Northfield Township, Precinct 2",74,,,1,Audit Board #8
"Northfield Township, Precinct 2",116,,,1,Audit Board #8
Pittsfield Charter Township AVCB 2,71,,,1,Audit Board #8
Pittsfield Charter Township AVCB 2,99,,,1,Audit Board #8
"Saline Township, Precinct 1",8,,,1,Audit Board #8
"Saline Township, Precinct 1",16,,,1,Audit Board #8
"Saline Township, Precinct 1",26,,,1,Audit Board #8
"Saline Township, Precinct 1",38,,,1,Audit Board #8
"Saline Township, Precinct 1",62,,,1,Audit Board #8
"Saline Township, Precinct 1",101,,,2,Audit Board #8
"Saline Township, Precinct 1",143,,,1,Audit Board #8
"Saline Township, Precinct 1",150,,,1,Audit Board #8
"Webster Township, Precinct 3",41,,,1,Audit Board #8
"Webster Township, Precinct 3",45,,,1,Audit Board #8
"Webster Township, Precinct 3",61,,,1,Audit Board #8
"Webster Township, Precinct 3",73,,,1,Audit Board #8
"Webster Township, Precinct 3",85,,,1,Audit Board #8
"Webster Township, Precinct 3",115,,,1,Audit Board #8
"Webster Township, Precinct 3",137,,,1,Audit Board #8
"Webster Township, Precinct 3",157,,,1,Audit Board #8
"Webster Township, Precinct 3",186,,,1,Audit Board #8
"Ypsilanti Township, Precincts 2 & 3",52,,,1,Audit Board #8
"Ypsilanti Township, Precincts 2 & 3",77,,,1,Audit Board #8
"Ypsilanti Township, Precincts 2 & 3",81,,,1,Audit Board #8
"Ypsilanti Township, Precincts 2 & 3",135,,,1,Audit Board #8
"Ypsilanti Township, Precincts 2 & 3",136,,,1,Audit Board #8
"  LIVINGSTON, Hamburg Twp, Precinct 4",58,,,1,Audit Board #8
"Bridgewater Township, Precinct 1",15,,,1,Audit Board #9
"Bridgewater Township, Precinct 1",25,,,1,Audit Board #9
"Bridgewater Township, Precinct 1",53,,,1,Audit Board #9
"Bridgewater Township, Precinct 1",82,,,1,Audit Board #9
"Bridgewater Township, Precinct 1",85,,,1,Audit Board #9
City of Ann Arbor AVCB 3,5,,,1,Audit Board #9
City of Ann Arbor AVCB 3,39,,,1,Audit Board #9
City of Ann Arbor AVCB 3,43,,,1,Audit Board #9
City of Ann Arbor AVCB 3,55,,,1,Audit Board #9
City of Ann Arbor AVCB 3,80,,,1,Audit Board #9
City of Ann Arbor AVCB 3,96,,,1,Audit Board #9
City of Ann Arbor AVCB 3,120,,,1,Audit Board #9
City of Ann Arbor AVCB 3,157,,,1,Audit Board #9
City of Ann Arbor AVCB 3,185,,,1,Audit Board #9
City of Ann Arbor AVCB 3,228,,,1,Audit Board #9
City of Ann Arbor AVCB 3,259,,,1,Audit Board #9
City of Ann Arbor AVCB 3,261,,,1,Audit Board #9
City of Ann Arbor AVCB 3,264,,,1,Audit Board #9
City of Ann Arbor AVCB 3,276,,,1,Audit Board #9
City of Ann Arbor AVCB 3,277,,,1,Audit Board #9
City of Ann Arbor AVCB 3,310,,,1,Audit Board #9
Pittsfield Charter Township AVCB 2,101,,,2,Audit Board #9
Pittsfield Charter Township AVCB 2,149,,,1,Audit Board #9
Pittsfield Charter Township AVCB 2,150,,,1,Audit Board #9
Pittsfield Charter Township AVCB 2,166,,,1,Audit Board #9
Pittsfield Charter Township AVCB 2,178,,,1,Audit Board #9
Pittsfield Charter Township AVCB 2,189,,,1,Audit Board #9
Pittsfield Charter Township AVCB 2,198,,,1,Audit Board #9
Pittsfield Charter Township AVCB 2,213,,,1,Audit Board #9
Pittsfield Charter Township AVCB 2,227,,,1,Audit Board #9
Pittsfield Charter Township AVCB 2,343,,,1,Audit Board #9
Pittsfield Charter Township AVCB 2,398,,,1,Audit Board #9
Pittsfield Charter Township AVCB 2,416,,,1,Audit Board #9
Pittsfield Charter Township AVCB 2,421,,,1,Audit Board #9
Pittsfield Charter Township AVCB 2,437,,,1,Audit Board #9
Pittsfield Charter Township AVCB 2,468,,,1,Audit Board #9
Pittsfield Charter Township AVCB 2,474,,,1,Audit Board #9
Pittsfield Charter Township AVCB 2,485,,,1,Audit Board #9
Pittsfield Charter Township AVCB 2,512,,,1,Audit Board #9
Pittsfield Charter Township AVCB 2,542,,,1,Audit Board #9
Pittsfield Charter Township AVCB 2,570,,,1,Audit Board #9
Pittsfield Charter Township AVCB 2,622,,,1,Audit Board #9
Pittsfield Charter Township AVCB 2,643,,,1,Audit Board #9
Pittsfield Charter Township AVCB 2,666,,,1,Audit Board #9
Pittsfield Charter Township AVCB 2,695,,,1,Audit Board #9
Pittsfield Charter Township AVCB 2,710,,,1,Audit Board #9
Pittsfield Charter Township AVCB 2,721,,,1,Audit Board #9
Pittsfield Charter Township AVCB 2,735,,,1,Audit Board #9
Scio Township AVCB 2,11,,,1,Audit Board #9
Scio Township AVCB 2,48,,,1,Audit Board #9
Scio Township AVCB 2,59,,,1,Audit Board #9
Scio Township AVCB 2,66,,,1,Audit Board #9
Scio Township AVCB 2,85,,,1,Audit Board #9
Scio Township AVCB 2,100,,,1,Audit Board #9
" LIVINGSTON, Green Oak Twp, Pcts 3 & 8",20,,,1,Audit Board #9
" LIVINGSTON, Green Oak Twp, Pcts 3 & 8",92,,,1,Audit Board #9
" LIVINGSTON, Green Oak Twp, Pcts 3 & 8",174,,,1,Audit Board #9
" LIVINGSTON, Green Oak Twp, Pcts 3 & 8",222,,,1,Audit Board #9
" LIVINGSTON, Green Oak Twp, Pcts 3 & 8",238,,,1,Audit Board #9
" LIVINGSTON, Green Oak Twp, Pcts 3 & 8",249,,,1,Audit Board #9
